{
  "best_model_name": "XGBoost (Optuna)",
  "n_trials_per_model": 50,
  "xgboost": {
    "best_params": {
      "n_estimators": 387,
      "max_depth": 3,
      "learning_rate": 0.010308275706811225,
      "subsample": 0.6046167506947401,
      "colsample_bytree": 0.8275961710831434,
      "min_child_weight": 11,
      "reg_alpha": 0.005501489291101902,
      "reg_lambda": 0.1184909128485902,
      "gamma": 3.043915812771483,
      "random_state": 42,
      "verbosity": 0,
      "eval_metric": "mlogloss"
    },
    "best_val_logloss": 0.9051291857211027,
    "val_accuracy": 0.6,
    "val_logloss": 0.9051291857211027
  },
  "lightgbm": {
    "best_params": {
      "n_estimators": 262,
      "max_depth": 3,
      "learning_rate": 0.010291321302798521,
      "subsample": 0.8206068942750993,
      "colsample_bytree": 0.9557770736602457,
      "min_child_samples": 5,
      "reg_alpha": 0.27685181280179433,
      "reg_lambda": 0.1492542550234584,
      "num_leaves": 46,
      "class_weight": "balanced",
      "random_state": 42,
      "verbosity": -1
    },
    "best_val_logloss": 0.9565043104288017,
    "val_accuracy": 0.538121546961326,
    "val_logloss": 0.9565043104288017
  },
  "stacking_ensemble": {
    "val_accuracy": 0.5878453038674033,
    "val_logloss": 0.9059845996512002
  },
  "test_evaluation": {
    "accuracy": 0.6072568940493469,
    "log_loss": 0.8645084527754228
  },
  "wc2022_evaluation": {
    "accuracy": 0.53125,
    "log_loss": 1.029190880464284
  },
  "model_comparison_val": [
    {
      "name": "XGBoost (Optuna)",
      "val_accuracy": 0.6,
      "val_logloss": 0.9051291857211027
    },
    {
      "name": "Stacking Ensemble",
      "val_accuracy": 0.5878453038674033,
      "val_logloss": 0.9059845996512002
    },
    {
      "name": "LightGBM (Optuna)",
      "val_accuracy": 0.538121546961326,
      "val_logloss": 0.9565043104288017
    }
  ]
}